{
  "f_peak_rank": 9.5367431640625e-07,
  "Delta_guess_M2": 8.081028231710467e+25
}